{"cameraMode":{"drawMode":0,"name":"Shaded","section":"Shading Mode"},"sceneLighting":true,"audioPlay":false,"sceneViewState":{"m_AlwaysRefresh":false,"showFog":true,"showSkybox":true,"showFlares":true,"showImageEffects":true,"showParticleSystems":true,"showVisualEffectGraphs":true,"m_FxEnabled":true},"in2DMode":false,"pivot":{"x":1.7715623378753663,"y":2.906235694885254,"z":3.1340579986572267},"rotation":{"x":-0.23342378437519074,"y":-0.26910677552223208,"z":0.06741156429052353,"w":-0.9319997429847717},"size":15.947226524353028,"orthographic":false}